110 Customs,1451 Aucutt Road Montgomery
2 Extreme Audio,"1 N. Lake Blvd Plant City, FL 33563"
321 Audio LLC,"3764 S. Hopkins Avenue Titusville, FL 32780"
A&J Electronics,"1157 East 11th Street Los Angeles, CA 90021"
AB The Auto Boutique,"1717 Business Center Lane Kissimmee, FL 34758"
Acctek,"681 Anita Street Ste. 108 Chula Vista, CA 91911"
Ace Tire & Wheel,"7100 S. Harlem Avenue Bridgeview, IL 60455"
Adrenaline Autosound,"8970 US-70 Bus Hwy West, Ste. 400 Clayton, NC 27520"
Agoura Autosounds,"5310 Derry Avenue Unit I Agoura Hills, CA 91301"
Al & Ed's Autosound,"3794 Rosecrans Street San Diego, CA 92110"
All Out Audio,"1405 E. Veteran Memorial Blvd Killeen, TX 76541"
Area 41 Car Audio,"2220 Cobb Parkway NW Kennesaw, GA 30152"
Audio Design,"4180 Stevens Creek Blvd San Jose, CA 95129"
Audio Extremes,"173 Big Star Drive Thomasville, GA 31757"
Audio Trenz,"1311 Hogansville Road LaGrange, GA 30241"
Audio Video Concepts,"1523 S. Main Street Ottawa, KS 66067"
Audiosmith,"45 Nippersink Blvd Fox Lake, IL 60020"
Audiotistic,"12284 Industrial Blvd Ste. 3A Victorville, CA 92395"
Auto Image,"5810 W. Broad Street Richmond, VA 23230"
Auto Specialties,"496 North 500th West Provo, UT 84601"
Autoworks,"1065 E. Philadelphia Avenue Gilbertsville, PA 19525"
AZ Electronics,"2040 Derry Street Harrisburg, PA 17104"
Bailey's Audio,"3711 Ryan Street Lake Charles, LA 70605"
Bass Factory S.A.,10 Avenida 33-21 Zona Colonia Las Charcas Bodega 1 Guatemala City Guatemala
Baykal Elektronik,"1675 Sokak No. 167/B Karsiyaka, Izmir - Turkey"
BB Distribution Ltd.,"4316 Savaryn Drive SW Edmonton, AB T6X 1Z9 Canada"
Becker Automotive Design,"1711 Ives Avenue Oxnard, CA 93033"
Berserker Fabrication,"Woodrow Lay 770 Old Polk City Road Lakeland, FL 33809"
Big Daddyz Car Audio & Acc.,"3480 Del Rio Blvd Eagle Pass, TX 78852"
Boom Baby Etc,"443 Harrison Avenue Berkeley Springs, WV 25411"
California Audio Concepts,"1400 California Avenue Bakersfield, CA 93304"
California Sound,"16846 Valley Blvd, Ste. A Fontana, CA 92335"
Car Audio City,"2907 Highland Avenue National City, CA 91950"
Car Audio Ramirez,"Calle Carlos Fuero 170 int. i1. Colonia La Loma, Guadalajara, Jalisco Mexico"
Car Stereo Pros,"13150 Paramount Blvd South Gate, CA 90280"
Car Stuff Unlimited,"3450 US Route 60 East Huntington, WV 25705"
Car Tune Customs,"157 New Drop Lane Staten Island, NY 10306"
Carlos Romero,"2832 NW 72nd Avenue Miami, FL 33122"
Carmil Car Audio,"326 N. Kansas Expressway Springfield, MO 65802"
Cartunes Etc.,"2 Laconia Avenue Derry, NH 03038"
Chronos Specialty Auto Works,"3712 S. 132nd Street Omaha, NE 68144"
Cimpexa S.A.,"Cimpexa S.A. AV. Isidrio Ayora Sauces 9 Manzana L 10 Edidficio 9 Guayaquil, Ecuador"
Circuit Electronics,11 Sheraton Centre Christ Chruch Barbados
"Corporacion Ibrahim, C.A.","147 Urbanizacion Carabobo Casa 101-135 Valencia, Venezuela"
Crazy Ralph's Car Stereo,"720 N. Airline Highway Gonzales, LA 70737"
Creative Auto Boutique,"17949 W. Colonial Drive Oakland, FL 34787"
Creative Car Audio,"1636 Acme Street Orlando, FL 32805"
Custom Auto Creation,"331 North Tennessee Street Cartersville, GA 30120"
Custom Factory Installation,"1499 Hurffville Road Woodbury, NJ 08096"
Custom Vehicles of Zanesville,"3619 Olde Falls Road Zanesville, OH 43701"
D&L Auto Accessories,"606 Rohrerstown Road Lancaster, PA 17603"
D.R. Audio,"4005 E. Mission Blvd Pomona, CA 91766"
Decor of Carlsbad,"815 W. Mermod Street Carlsbad, NM 88220"
Define Concepts,"982 N. Batavia Street Unit B5 Orange, CA 92867"
Depot Auto Sound & Security,"475 N. Central Avenue White Plains, NY 10606"
Dirty South Custom Cycles,"1637 Bartlett Road Memphis, TN 38134"
DJ Custom Audio,"8696 Atlantic Avenue South Gate, CA 90280"
Elite Electronics,"5945 S. 27th Street Greenfield, WI 53221"
Enklosurez,"626 S. Braintree Drive Schaumburg, IL 60193"
Excessive Sound,"7671 Colerain Avenue Unit D Cincinnati, OH 45239"
Expert Electronics,"9924 North 2nd Street Machesney Park, IL 61115"
Extreme Car Audio,"6615 Westbank Expy Marrero, LA 70072"
Eyeless Mild to Wild,"3523 NW 19th Street Lauderdale Lakes, FL 33311"
Ezcuche Ezotic Transportation,"57346 Oak Avenue Slidell, LA 70461"
Foresight Industries,"17978 Honolulu, HI 96819"
Fralali S.A.S.,"Calle 9 No. 37-40 Office 3011 Centro Comercial Renovacion Bogota, D.C. 2000 Colombia"
G Sound,"1466 Foothill Blvd Upland, CA 91786"
Gillin Custom Design,"29 Bloomingburg Road Middletown, NY 10940"
Good Vibrations Auto Sound,"309 N. Walnut Street Hutchinson, KS 67501"
H & K Sound,"134 Broadway Street Jackson, OH 45640"
HD Audio,"1207 W. Main Street Kent, OH 44240"
Hendersons Car Audio,"2137 Harbor Blvd Costa Mesa, CA 92627"
Hi Joes Electronics,"2111 US Highway 92 West Auburndale, FL 33823"
High Caliber Auto,"5116 Highway TN-153 Hixson, TN 37343"
House of Electronics,"8100 River Drive Morton Grove, IL 60053"
House of Sound,"1112 S. Belt Highway St. Joseph, MO 64507"
Imperial Audio,"2674 Imperial Avenue San Diego, CA 92102"
Indepedence Audio Video,"16208 East 23rd Street S Independence, MO 64055"
Infinite Customs,"5530 W. 110th Street #2 Oak Lawn, IL 60453"
Infinity Car Audio,"355 Kietzke Lane Reno, NV 89502"
Intense Car Audio,"6034 S. Western Avenue Oklahoma, OK 73139"
ITC Panama S.A.,"12D Norte, Bethania Panama City, Panama"
J's Sound Shop,"6717 S. Pulaski Road Chicago, IL 60629"
J.B. Customs,"20371 Prairie Street, Unit 4 Chatsworth, CA 91311"
Javi's Electra Warehouse,"7805 Sepulveda Blvd Van Nuys, CA 91405"
Jazz Audio,"1198 Middle Country Road Selden, NY 11784"
Kaizen Autosound LTD,63 Dookiesingh Street ST Augustine Trinidad
Kelley's Car Toyz,"1228 Rhyne Camp Road Newport, TN 37821"
Kimball Car Stereo,"890 Twin View Redding, CA 96003"
Kustom Kar Audio,"1390 Santa Rosa Avenue Santa Rosa, CA 95404"
L & E Car Addiction,"215 Cumberland Street Lebanon, PA 17042"
Laguna Sounds,"1617 S. Meridian Avenue Ste. 1 Wichita, KS 67213"
Littlefield Sound Design,"4700 US Highway 27S Sebring, FL 33870"
Macc Auto,"164 KM 7.7, Lote E BO Achiote Naranjito PR 00719"
Madd Kreations,"607A Tuckahoe Drive Madison, TN 37115"
Make Some Noise,"4621 Loma De Cobre Drive El Paso, TX 79934"
Manhattan Motorsport,"35 Lumber Road Roslyn, NY 11576"
Marks Audio Video,"5313 2nd Street Baldwin Park, CA 91706"
MC Autodetail,"Blvd. Navarrete 90 Col. Valle Escondido Hermosillo, Sonora 83207 Mexico"
Miami Pro Audio,"15137 North Main St. Jacksonville, FL 32218"
Mikes Electronics Warehouse,"4400 Sion Farm Christiansted, VI 00820"
Mobile Audio and Electronics,"44 John Street Salinas, CA 93901"
Mobile Solution,"9040 Brentwood Blvd Ste. D Brentwood, CA 94513"
Mobile Wiring & Custom Auto,"3747 Hickory Grove Road Davenport, IA 52806"
Modern Tint & Alarm,"125 W. Avenue J Robstown, TX 78380"
Modified Auto Sound & Tint,"165 E. Saint Louis Avenue East Alton, IL 62024"
Monster Customs,"483 Commerce Park Drive SE Marietta, GA 30060"
My Audio LLC,"14042 W. 107th Street Lenexa, KS 66215"
Next Level Audio,"944 North 9th Street Stroudsburg, PA 18360"
Nu Image Audio,"340 S. Broadway Blvd Salina, KS 67401"
Off Road Audio & Accessories,"101 E. Egyptain Avenue Christopher, IL 62822"
On The Spot Audio & Tint,"6601 South Crescent Blvd Pennsauken, NJ 08110"
Palmetto Performance,"4005 Muddy Water Lane Sumter, SC 29154"
Peluche Sound,"196 Linden Street Brooklyn, NY 11221"
Performance Audio & Tint,"118 N. Washington Street North Junction City, KS 66441"
"Performance East, Inc.","604 Corporate Drive Goldsboro, NC 27534"
PHD Electronics,"3148 W. Cermak Road Chicago, IL 60623"
Planet Stereo,"628 N. Azusa Avenue Covina, CA 91722"
Platano Music,"600 Barnet Lane Ste#3 Lake Worth, FL 33461"
Precision Cellular & Sound,"87 Sunset Boulevard Stevens Point, WI 54481"
Precision Sound,"4200 Chino Hills Parkway #665 Chino Hills, CA 91709"
Pro Audio Center,"593 US-49 South Frontage Road Richland, MS 39218"
Pro Audio Pro 4 x 4,"133 West 300 South Provo, UT 84601"
Pro Inet,"1760 W. Florida Avenue Hemet, CA 92545"
Professional Car Audio,"2400 E. Mineral King Avenue Visalia, CA 93292"
Pure Sounds LLC,"94-155 Leo'ole Street Waipahu, HI 96797"
Rays Electronics,"24 West 155 East Army Trail Road Bloomingdale, IL 60108"
Rent 3 Wheel,"11146 Lindbergh Business Crt. 106 St. Louis, MO 63123"
Respuestos Para Equipo Pesado F.M.,350 Mts. Norte Plaza De Deportes De La Uruca San Jose Costa Rica
Reus System,"1036 W. Collins Avenue Orange, CA 92867"
Rhudy's Car Audio & Accessories,"2410 Murchison Road Ste. B Fayetteville, NC 28301"
Rick's Car Audio,"478 Crane, MO 65633"
"Robidoux, Inc.","455 W. South Street Lincoln, NE 68522"
Safe Auto Systems,"5401 Brookpark Road Parma, OH 44129"
Salinas Tires and Wheels,"221 E. Whitter Blvd La Habra, CA 90631"
SB Custom Cycles,"2034 Silvercrest Drive Unit D Myrtle Beach, SC 29579"
Shockwave Customs,"9565 W. Lincoln Highway Frankfort, IL 60423"
Showtime Customs,"102 Skyline Circle Dickson, TN 37055"
Shubert Custom Cycles,"226 Monee Road Park Forest, IL 60466"
Side x Side,"925 Heavenly Drive Charleston, WV 25309"
Simplicity In Sound,"879 Ames Avenue Milpitas, CA 95035"
Sinister Sound,"221 South State Street West Harrison, IN 47060"
Sonny's Audio & Video,"5407 Interstate 49 South Service Rd. Opelousas, LA 70570"
Sound Bytes Automotive Electronics,"328 East North Avenue North Lake, IL 60164"
Sound City,"38033 North Avenue Zephyrhills, FL 33542"
Sound Creations,"8795 US Highway 70 Mead, OK 73449"
Sound Decision,"1012 W Mary St Garden City, KS 67846"
Sound Decisions,"17026 Freeman Spur Road Herrin, IL 62948"
Sound Depot,"1329 S. Bishop Avenue Rolla, MO 65401"
Sound Evolution,"12836 Westheimer Rd, Ste. A-100 Houston, TX 77077"
Sound Express USA,"1513 Sharon Drive Cedar Hill, TX 75104"
Sound Of Peoria,"3315 N. Prospect Road Peoria, IL 61603"
Sound Proof Car Audio,"7015 Douglas Blvd Douglasville, GA 30135"
Sound Solutions,"9605 Long Point Road Houston, TX 77055"
Sound Wave Customs,"2700 Avenger Drive Ste. 111 Virginia Beach, VA 23452"
Soundquake Auto,"5569 Sepulveda Blvd Culver City, CA 90230"
Sounds Good Stereo,"203 Fiberglass Drive Ste. 201 Mount Juliet, TN 37122"
Soundsation,"25155 Avenue Standford Valencia, CA 91355"
Soundwaves,"36057 Avenue 16 1/2 Madera, CA 93636 USA"
Soundz Good Custom - Norwalk,"10653 Imperial Highway Norwalk, CA 90650"
Soundz Good Stereo - Oxnard,"2675 E. Vineyard Avenue Oxnard, CA 93036"
Speakerbox LLC,"1803-C University Drive NW Huntsville, AL 35801"
Stereo Land,"4505 Telephone Road Ste. G Ventura, CA 93003"
Stereo Plus,"915 S. Green Bay Road Waukegan, IL 60085"
Stereo Pool S.R.L,"Stereo Pool S.R.L Attn: Joel Jimenez Av Juan Pardo De Zela #821 Districo Lince, Ciudad Lima Peru"
Street Sound Plus,"16175 Roscoe Blvd North Hill, CA 91343"
Superior Customs,"4081 L B McLeod Road Orlando, FL 32811"
"Techtronics, LLC","2450 Smith St. Ste A Kissimme, FL 34744"
The Sound Check,"7719 Convoy Court San Diego, CA 92111"
The Sound Factory,"4130 Clinton Highway Knoxville, TN 37912"
The Sound Shop,"241 Post Office Drive A8 Indian Trail, NC 28079"
Thumpers Sales & Service,"307 West Emma Avenue Springdale, AR 72764"
Thunder Productions,"400 West Main Street New London, IA 52645"
Titan Motoring,"4300 Kenilwood Drive Nashville, TN 37204"
Top Notch Tunes,"605 Tennant Avenue Ste. K Morgan Hill, CA 95037"
Traffic Jams (TN),"1120 Volunteer Parkway Bristol, TN 37620"
Trick My Sling,"1123 Greenbay Highlandpark IL, 60035"
TV Center Electronics,"3200 Palm Beach Blvd Fort Myers, FL 33916"
Ultimate Car Audio,"721 Spring Street Paso Robles, CA 93446"
Ultimate Audio & Fabrication,"3404 Moffett Road Ste. A Mobile, AL 36607"
Underground Autostyling,"1845 University Parkway Sarasota, FL 34243"
Underground Sound,"909 Sahara Drive NW Cleveland, TN 37312"
Universal International,"5752 Logan Court Denver, CO 80216"
University Audio,"2319 Louisiana Street Lawrence, KS 66046"
Unlimited Customs,"1406 Grand Caillou Road Houma, LA 70363"
UTV Stereo,"511 West Guadalupe Rd #6 Gilbert, AZ 85233"
Virtual Marketing Consultants,"14300 Horton Street Overland Park, KS 66223"
Wicked Sounds,"2579 S. Main Street Lakeport, CA 95453"
Wizard Car Audio Plus,"8221 Mcclellan Blvd Anniston, AL 36206"
Xclusive Autosound,"2347 Old Collinsville Road, Ste. B Belleville, IL 62221"
XD Audio,"1515 S. Ridgewood Avenue Edgewater, FL 32132"
Xibit Customs,"1005 East 37th Street Hays, KS 67601"
Xtreme Kustoms Wheels & Electronics,"518 East 162nd Street South Holland, IL 60473"
